# Every word the player reads, one row per line of text.
#
#   key    what the code and the .wa files name. Never change one without changing its callers.
#   where  where it shows, for whoever translates it.
#   fr     the French text. Each further column is a language, named in the header row below.
#   en     English (r162), picked with the flags on the start menu and kept in the config.
#
# Read by jks.index.Index_Text. Tab-separated: a tab ends a cell, so a cell cannot hold one.
# In a cell, \n is a line break. {WAVE}...{ENDWAVE}, {COLOR=...} and the like are TextraTypist
# markup - keep them around the translated word. A line starting with # is a comment.
# A text missing in a language falls back to fr; a key missing altogether shows the key itself.
#
# Accents: a row marked [title face] is drawn in OptimusPrinceps, which has no é è à â ç and
# no usable É (doubt d8) - write those without accents, in every language. TextTableTest checks.
# Everything else is GeosansLight and takes accents.

key	where	fr	en

# == Start menu ============================================================
menu.play	Start menu, button [title face: no accents, d8]	Jouer	Play
menu.options	Start menu, button [title face: no accents, d8]	Options	Options
menu.credits	Start menu, button - unaccented on purpose [title face: no accents, d8]	Credits	Credits
menu.quit	Start menu, button [title face: no accents, d8]	Quitter	Quit

# == Options ===============================================================
options.graphics	Options, block title [title face: no accents, d8]	Graphismes	Graphics
options.resolution	Options > Graphismes, row	Résolution	Resolution
options.fps	Options > Graphismes, row	Images par seconde	Frames per second
options.vsync	Options > Graphismes, checkbox	Synchro verticale	Vertical sync
options.fullscreen	Options > Graphismes, checkbox	Plein écran	Full screen
options.mipmaps	Options > Graphismes, checkbox	Mipmaps (plus lisse en petit)	Mipmaps (smoother when small)
options.apply	Options > Graphismes, button	Appliquer	Apply
options.sound	Options, block title [title face: no accents, d8]	Son	Sound
options.mute	Options > Son and the pause screen, checkbox	Couper le son	Mute
options.volume	Options > Son, slider	Volume	Volume
options.effects	Options > Son, slider	Effets	Effects

# == Credits ===============================================================
# The names of the people are not translated and stay in Index_Credits.
credits.title	Credits screen, heading - unaccented on purpose [title face: no accents, d8]	Credits	Credits
credits.programming	Credits, role [title face: no accents, d8]	Programmation	Programming
credits.art	Credits, role [title face: no accents, d8]	Art visuel	Visual art
credits.made_with	Credits, last line	Réalisé avec libGDX	Made with libGDX

# == Carriage 1 ============================================================
# Ross thinks these in the bubble while the mouse is on a piece of the key.
wa1.hint1	Carriage 1, thought bubble on key piece 1	Je vais enfin partir d'ici! Mais où est mon bagage ? 	I'm finally leaving this place! But where's my bag?
wa1.hint2	Carriage 1, thought bubble on key piece 2	Nom de non, qui à laissé trainer tous ces cubes ?	Good grief, who left all these cubes lying around?
wa1.hint3	Carriage 1, thought bubble on key piece 3	Ce pauvre petit oiseau a l'air affamé dans sa cage dorée. \nSi seulement je pouvais l'aider...	This poor little bird looks starved in its golden cage. \nIf only I could help it...
wa1.cage.message1	Carriage 1, cage used with sac (choice 1), bubble by Ross for a few seconds	Voilà qui devrait remplir son estomac ! \nMais s’il était {WAVE}libre{ENDWAVE}... non ?	That should fill its tummy! \nBut if it were {WAVE}free{ENDWAVE}... right?
wa1.cage.message2	Carriage 1, cage used with clefCage (choice 2), bubble by Ross for a few seconds	Libre comme l’air ! \nMais trouvera-t-il de la {WAVE}nourriture{ENDWAVE} avant de tomber dans les pommes ?	Free as a bird! \nBut will it find any {WAVE}food{ENDWAVE} before it faints?
wa1.cage.after1	Carriage 1, cage already used with sac (choice 1), then clefCage tried on it - bubble by Ross for a few seconds (r160)	Il picore, tout content. \nLa cage restera fermée.	It's pecking away, happy as can be. \nThe cage stays shut.
wa1.cage.after2	Carriage 1, cage already used with clefCage (choice 2), then sac tried on it - bubble by Ross for a few seconds (r160)	Il est déjà loin. \nJ'espère qu'il trouvera à manger...	It's long gone. \nI hope it finds something to eat...
# Ross says these when the item is clicked (r74) - edit them in the line lab:
#   ./gradlew :desktop:runGame -Donboard.start=line_lab
wa1.cubeM.click	Carriage 1, cubeM.png clicked, bubble by Ross for a few seconds	Il manque un cube ici. Le creux a juste la bonne forme.	A cube is missing here. The hollow is just the right shape.
wa1.cage.click	Carriage 1, cage.png clicked, bubble by Ross for a few seconds	Un petit oiseau tout bleu. Il me regarde comme s'il avait faim.	A little blue bird. It looks at me like it's hungry.
wa1.clefCage.click	Carriage 1, clefCage.png clicked, bubble by Ross for a few seconds	Une toute petite clé. Elle n'ouvre sûrement pas une porte...	A tiny little key. It surely doesn't open a door...
wa1.sac.click	Carriage 1, sac.png clicked, bubble by Ross for a few seconds	Des graines ! Pas pour moi, mais quelqu'un en voudra peut-être.	Seeds! Not for me, but someone might want them.
wa1.cube.click	Carriage 1, cube.png clicked, bubble by Ross for a few seconds	Un cube avec un zéro dessus. Il doit bien aller quelque part.	A cube with a zero on it. It must go somewhere.
wa1.baluchon.click	Carriage 1, baluchon.png clicked, bubble by Ross for a few seconds	Mon baluchon ! Tout ce que j'ai tient là-dedans.	My bundle! Everything I own fits in there.

# == Carriage 2 ============================================================
# Ross thinks these in the bubble while the mouse is on a piece of the key.
wa2.hint1	Carriage 2, thought bubble on key piece 1	Je me suis toujours demandé ce qu'ils avaient écrit dans ce foutu rapport	I always wondered what they wrote in that damn report
wa2.hint2	Carriage 2, thought bubble on key piece 2	Cette mauvaise habitude m'a toujours fait cracher mes poumons. \nJe devrais m'en débarrasser.	This bad habit has always made me cough my lungs out. \nI should get rid of it.
wa2.hint3	Carriage 2, thought bubble on key piece 3	Le paternel a l'air presque gentil, sur ce tableau. \nIl mériterait des retouches !	The old man looks almost kind in this painting. \nIt could use some touching up!
wa2.tableau.message1	Carriage 2, tableau used with crayon (choice 1), bubble by Ross for a few seconds	Des cornes, une moustache... le voilà presque drôle. \nMais il est toujours {WAVE}là{ENDWAVE}, à me juger.	Horns, a moustache... he's almost funny now. \nBut he's still {WAVE}there{ENDWAVE}, judging me.
wa2.tableau.message2	Carriage 2, tableau used with couteauSocle (choice 2), bubble by Ross for a few seconds	Un coup de son propre couteau, et il ne me juge plus. \nÇa ne se {WAVE}recoud{ENDWAVE} pas...	One stroke of his own knife, and he judges me no more. \nThat can't be {WAVE}sewn{ENDWAVE} back...
wa2.tableau.after1	Carriage 2, tableau already used with crayon (choice 1), then couteauSocle tried on it - bubble by Ross for a few seconds (r160)	Il a déjà ses cornes et sa moustache. \nÇa lui suffira.	He's got his horns and his moustache already. \nThat'll do.
wa2.tableau.after2	Carriage 2, tableau already used with couteauSocle (choice 2), then crayon tried on it - bubble by Ross for a few seconds (r160)	La toile pend en lambeaux. \nPlus rien à dessiner.	The canvas hangs in shreds. \nNothing left to draw on.
# Ross says these when the item is clicked (r74) - edit them in the line lab:
#   ./gradlew :desktop:runGame -Donboard.start=line_lab
wa2.tableau.click	Carriage 2, tableau.png clicked, bubble by Ross for a few seconds	Le paternel, en uniforme. Même en peinture, il me juge.	The old man, in uniform. Even in paint, he judges me.
wa2.clope.click	Carriage 2, clope.png clicked, bubble by Ross for a few seconds	Mes clopes. Une dernière, pour la route ?	My smokes. One last one, for the road?
wa2.couteauSocle.click	Carriage 2, couteauSocle.png clicked, bubble by Ross for a few seconds	Le couteau de collection du vieux. « Pas touche », qu'il disait.	The old man's collector knife. "Hands off", he used to say.
wa2.crayon.click	Carriage 2, crayon.png clicked, bubble by Ross for a few seconds	Des crayons de couleur. De quoi égayer n'importe quelle tronche.	Coloured pencils. Enough to brighten up any mug.
wa2.poubelle.click	Carriage 2, poubelle.png clicked, bubble by Ross for a few seconds	Une poubelle. C'est là que finissent les mauvaises habitudes.	A bin. That's where bad habits end up.
wa2.dossierPolice.click	Carriage 2, dossierPolice.png clicked, bubble by Ross for a few seconds	Mon dossier de police. Ils ont écrit un roman sur moi, on dirait.	My police file. Looks like they wrote a novel about me.

# == Carriage 3 ============================================================
# Ross thinks these in the bubble while the mouse is on a piece of the key.
wa3.hint1	Carriage 3, thought bubble on key piece 1	Si les gens savaient ce qui s'est passé ici... \nJe dois écrire tout ce que j'ai vu.	If only people knew what happened here... \nI have to write down everything I saw.
wa3.hint2	Carriage 3, thought bubble on key piece 2	Ma douce Diana me manques, je devrais vraiment lui envoyer un signe de vie	I miss my sweet Diana, I really should send her a sign of life
wa3.hint3	Carriage 3, thought bubble on key piece 3	Le trou dans ce mur semble bien étrange. Je pourrais le fixer… ou le finir.	That hole in the wall looks very strange. I could fix it… or finish it.
wa3.trou.message1	Carriage 3, trou used with porteTrou (choice 1), bubble by Ross for a few seconds	Voilà, le mur tient. Plus rien à voir dehors. \nComme si tout se {WAVE}refermait{ENDWAVE} si vite...	There, the wall holds. Nothing more to see outside. \nAs if everything could {WAVE}close up{ENDWAVE} that fast...
wa3.trou.message2	Carriage 3, trou used with grenade (choice 2), bubble by Ross for a few seconds	Plus de mur du tout. On voit {WAVE}dehors{ENDWAVE}, maintenant. \nPourvu que personne n'ait été derrière...	No more wall at all. You can see {WAVE}outside{ENDWAVE} now. \nI just hope nobody was behind it...
wa3.trou.after1	Carriage 3, trou already used with porteTrou (choice 1), then grenade tried on it - bubble by Ross for a few seconds (r160)	Le mur tient. \nJe ne vais pas tout défaire.	The wall holds. \nI'm not undoing all of it.
wa3.trou.after2	Carriage 3, trou already used with grenade (choice 2), then porteTrou tried on it - bubble by Ross for a few seconds (r160)	Plus de mur à boucher. \nIl ne reste que dehors.	No wall left to patch. \nThere's only outside now.
# Ross says these when the item is clicked (r74) - edit them in the line lab:
#   ./gradlew :desktop:runGame -Donboard.start=line_lab
wa3.trou.click	Carriage 3, trou.png clicked, bubble by Ross for a few seconds	Un trou dans le mur. Quelque chose est passé par là.	A hole in the wall. Something came through here.
wa3.porteTrou.click	Carriage 3, porteTrou.png clicked, bubble by Ross for a few seconds	Un morceau de mur. Il a à peu près la forme du trou.	A piece of wall. It's roughly the shape of the hole.
wa3.grenade.click	Carriage 3, grenade.png clicked, bubble by Ross for a few seconds	Une grenade. Mieux vaut la tenir loin de moi.	A grenade. Best kept well away from me.
wa3.lettreAmour.click	Carriage 3, lettreAmour.png clicked, bubble by Ross for a few seconds	Une lettre pour Diana. Je ne l'ai jamais envoyée.	A letter for Diana. I never sent it.
wa3.appareil.click	Carriage 3, appareil.png clicked, bubble by Ross for a few seconds	Mon appareil photo. Il a vu plus de choses que moi.	My camera. It has seen more than I have.
wa3.chapeau.click	Carriage 3, chapeau.png clicked, bubble by Ross for a few seconds	Mon vieux chapeau. Il a connu des jours meilleurs.	My old hat. It has seen better days.
wa3.boite.click	Carriage 3, boite.png clicked, bubble by Ross for a few seconds	Une boîte aux lettres. Il paraît que le courrier passe encore.	A mailbox. They say the post still gets through.

# == Carriage 4 ============================================================
# Ross thinks these in the bubble while the mouse is on a piece of the key.
wa4.hint1	Carriage 4, thought bubble on key piece 1	Ca fait changement de prendre des photos de la vie plutôt que la mort	Makes a change, taking pictures of life rather than death
wa4.hint2	Carriage 4, thought bubble on key piece 2	Il est tellement jolie le hochet. Il manque quelque chose par contre ...	The rattle is so pretty. Something's missing though ...
wa4.hint3	Carriage 4, thought bubble on key piece 3	J'ai la gorge sèche et le coeur qui s'agite. Je devrais boire quelque chose avant de partir... 	My throat is dry and my heart is racing. I should drink something before I leave... 
wa4.verre.message1	Carriage 4, verre used with cruche (choice 1), bubble by Ross for a few seconds	De l'eau fraîche. Les idées claires, les mains qui tremblent. \nIl faudra bien {WAVE}rester{ENDWAVE} debout...	Fresh water. A clear head, shaking hands. \nI'll have to {WAVE}stay{ENDWAVE} on my feet...
wa4.verre.message2	Carriage 4, verre used with wisky (choice 2), bubble by Ross for a few seconds	Une gorgée, et la gare paraît moins loin. \nCette bouteille a un goût de {WAVE}départ{ENDWAVE}...	One sip, and the station seems closer. \nThis bottle tastes of {WAVE}leaving{ENDWAVE}...
wa4.verre.after1	Carriage 4, verre already used with cruche (choice 1), then wisky tried on it - bubble by Ross for a few seconds (r160)	J'ai choisi l'eau. \nJe la bois jusqu'au bout.	I chose the water. \nI'll drink it to the last drop.
wa4.verre.after2	Carriage 4, verre already used with wisky (choice 2), then cruche tried on it - bubble by Ross for a few seconds (r160)	Trop tard pour l'eau. \nLe whisky me brûle déjà la gorge.	Too late for water. \nThe whisky's already burning my throat.
# Ross says these when the item is clicked (r74) - edit them in the line lab:
#   ./gradlew :desktop:runGame -Donboard.start=line_lab
wa4.cadre.click	Carriage 4, cadre.png clicked, bubble by Ross for a few seconds	Ma femme, et le bébé qui arrive. Le plus beau portrait que j'ai fait.	My wife, and the baby on the way. The best portrait I ever took.
wa4.cruche.click	Carriage 4, cruche.png clicked, bubble by Ross for a few seconds	Une cruche d'eau fraîche. Rien de plus simple.	A jug of fresh water. Nothing simpler.
wa4.hochet.click	Carriage 4, hochet.png clicked, bubble by Ross for a few seconds	Le hochet du petit. Il a l'air un peu nu.	The little one's rattle. It looks a bit bare.
wa4.verre.click	Carriage 4, verre.png clicked, bubble by Ross for a few seconds	Un verre vide. Il attend que je décide quoi y verser.	An empty glass. It's waiting for me to decide what to pour.
wa4.wisky.click	Carriage 4, wisky.png clicked, bubble by Ross for a few seconds	Une bouteille de whisky. Une vieille amie... de trop.	A bottle of whisky. An old friend... one too many.
wa4.papier.click	Carriage 4, papier.png clicked, bubble by Ross for a few seconds	Du papier cadeau et un ruban. De quoi emballer quelque chose de joli.	Wrapping paper and a ribbon. Enough to wrap something pretty.

# == Ending ================================================================
# The card the story closes on (ClosureMessage), drawn in GeosansLight.
ending.opening1	Ending card, line 1, both endings	La cage, le portrait, le mur, la bouteille :	The cage, the portrait, the wall, the bottle:
ending.opening2	Ending card, line 2, both endings	quatre fois l'occasion d'ouvrir.	four chances to open up.
ending.tally.never	Ending card, line 3, karma 0	Ross ne l'a jamais prise.	Ross never took it.
ending.tally.some	Ending card, line 3, karma 1 to 3 - {0} is the count below	Ross l'a prise {0} fois sur quatre.	Ross took it {0} out of four.
ending.tally.always	Ending card, line 3, karma 4	Ross l'a prise à chaque fois.	Ross took it every time.
ending.count.1	Ending card, the {0} of ending.tally.some (une fois)	une	once
ending.count.2	Ending card, the {0} of ending.tally.some	deux	twice
ending.count.3	Ending card, the {0} of ending.tally.some	trois	three times
ending.stayed1	Ending card, line 5, he stayed	Cette fois, il a refermé la porte.	This time, he closed the door.
ending.stayed2	Ending card, line 6, he stayed	Le billet de 9 h 30 est resté en morceaux par terre.	The 9:30 ticket stayed in pieces on the floor.
ending.left1	Ending card, line 5, he left	Il a ouvert la porte, aussi.	He opened the door, too.
ending.left2	Ending card, line 6, he left	Le 9 h 30 est parti à l'heure, et il était dedans.	The 9:30 left on time, and he was on it.
ending.end	Ending card, under the message, larger	FIN	THE END
